,Age,Income,Gender_Male,Gender_Unspecified,EducationLevel_Bachelors_Degree,EducationLevel_High_School,EducationLevel_Masters_Degree,EducationLevel_PhD,label
count,5000.0,5000.0,5000.0,5000.0,5000.0,5000.0,5000.0,5000.0,5000.0
mean,48.8316,85751.78269000001,0.329,0.3508,0.2042,0.2022,0.2006,0.1988,0.5994
std,18.147658497497368,37508.945075633455,0.46989696810271764,0.47726818140684457,0.4031561322532434,0.40168075568278994,0.400489348602018,0.39913709685322024,0.4900690497620788
min,18.0,20018.01,0.0,0.0,0.0,0.0,0.0,0.0,0.0
25%,33.0,53258.802500000005,0.0,0.0,0.0,0.0,0.0,0.0,0.0
50%,49.0,86309.79000000001,0.0,0.0,0.0,0.0,0.0,0.0,1.0
75%,64.0,118666.63,1.0,1.0,0.0,0.0,0.0,0.0,1.0
max,80.0,149954.77,1.0,1.0,1.0,1.0,1.0,1.0,1.0
