,Age,Income,Gender_Male,Gender_Unspecified,EducationLevel_Bachelors_Degree,EducationLevel_High_School,EducationLevel_Masters_Degree,EducationLevel_PhD,label
count,5000.0,5000.0,5000.0,5000.0,5000.0,5000.0,5000.0,5000.0,5000.0
mean,48.8922,85682.411668,0.3374,0.3224,0.211,0.202,0.1938,0.1946,0.6076
std,18.357504698508215,37417.97581022226,0.4728699199486455,0.4674419112446782,0.4080591898983432,0.40153237185702706,0.39531356486074776,0.3959320553308202,0.48833383457098006
min,18.0,20047.98,0.0,0.0,0.0,0.0,0.0,0.0,0.0
25%,33.0,53414.415,0.0,0.0,0.0,0.0,0.0,0.0,0.0
50%,49.0,86363.79,0.0,0.0,0.0,0.0,0.0,0.0,1.0
75%,65.0,118634.6275,1.0,1.0,0.0,0.0,0.0,0.0,1.0
max,80.0,149989.11,1.0,1.0,1.0,1.0,1.0,1.0,1.0
